{
  "project_info": {
    "project_number": "603419397161",
    "project_id": "app-threat-firebase",
    "storage_bucket": "app-threat-firebase.appspot.com"
  },
  "client": [
    {
      "client_info": {
        "mobilesdk_app_id": "1:603419397161:android:dae97e341a2d6b42b92038",
        "android_client_info": {
          "package_name": "br.devgabriela.appthreatsfirebase"
        }
      },
      "oauth_client": [],
      "api_key": [
        {
          "current_key": "AIzaSyAduIX9GCTch3YjyOfhrJGEZrs0L8rovxA"
        }
      ],
      "services": {
        "appinvite_service": {
          "other_platform_oauth_client": []
        }
      }
    }
  ],
  "configuration_version": "1"
}